{"cameraMode":{"drawMode":0,"name":"Shaded","section":"Shading Mode"},"sceneLighting":false,"audioPlay":false,"sceneViewState":{"m_AlwaysRefresh":false,"showFog":true,"showSkybox":false,"showFlares":true,"showImageEffects":true,"showParticleSystems":true,"showVisualEffectGraphs":true,"m_FxEnabled":true},"in2DMode":false,"pivot":{"x":5.356348037719727,"y":-5.885526657104492,"z":-14.510488510131836},"rotation":{"x":0.0000025635752081143439,"y":0.9999998211860657,"z":0.0029999488033354284,"w":-0.001202923827804625},"size":3.410309314727783,"orthographic":false}