{"cameraMode":{"drawMode":0,"name":"Shaded","section":"Shading Mode"},"sceneLighting":true,"audioPlay":false,"sceneViewState":{"m_AlwaysRefresh":false,"showFog":true,"showSkybox":true,"showFlares":true,"showImageEffects":true,"showParticleSystems":true,"showVisualEffectGraphs":true,"m_FxEnabled":true},"in2DMode":false,"pivot":{"x":79.42926788330078,"y":98.15604400634766,"z":-17.408618927001954},"rotation":{"x":1.1035645997026222e-7,"y":0.00749956164509058,"z":0.0000012984721706743586,"w":0.9999777674674988},"size":210.55421447753907,"orthographic":false}